<?xml version="1.0" encoding="utf-8"?>
<System xmlns:tns="http://www.example.org/DessaXML" xmlns:xsi="http://www.w3.org/2001/XMLSchema-instance" reloaded="no" type="test" xmlversion="1.4" xsi:schemaLocation="http://www.example.org/DessaXML DessaXML.xsd">
   <Solution pH="7" temp="50" volume="20"/>
   <Assemblies>
      <Assembly amount="60" name="assem">
         <Subunit name="0" type="only0">
            <Pos x="0" y="0" z="0"/>
            <Domain curconf="bs0" id="0"/>
         </Subunit>
      </Assembly>
      <Assembly amount="12" name="assem">
         <Subunit name="1" type="only1">
            <Pos x="0" y="0" z="0"/>
            <Domain curconf="bs1" id="1"/>
         </Subunit>
      </Assembly>
   </Assemblies>
   <BindingSiteTypes>
      <BindingSiteType name="bst0a">
         <Tolerance bending="0.2" rotation="0.2" translation="0.2"/>
         <Partner angle="0" bindTime="69619.0780017926" breakTime="9.23391337259706" fastBindTime="1e-11" name="bst0b"/>
         <Pos x="-0.242789022943086" y="0.346526712171429" z="-0.105146222423827"/>
      </BindingSiteType>
      <BindingSiteType name="bst0b">
         <Tolerance bending="0.2" rotation="0.2" translation="0.2"/>
         <Partner angle="0" bindTime="69619.0780017926" breakTime="9.23391337259706" fastBindTime="1e-11" name="bst0a"/>
         <Pos x="-0.404592421818076" y="0.0386701148751429" z="0.157773871166703"/>
      </BindingSiteType>
      <BindingSiteType name="bst0c">
         <Tolerance bending="0.2" rotation="0.2" translation="0.2"/>
         <Partner angle="0" bindTime="69619.0780017926" breakTime="8.266999335277" fastBindTime="1e-11" name="bst0d"/>
         <Pos x="0.149982710575265" y="-0.291469157528006" z="-0.105146222423827"/>
      </BindingSiteType>
      <BindingSiteType name="bst0d">
         <Tolerance bending="0.2" rotation="0.2" translation="0.2"/>
         <Partner angle="0" bindTime="69619.0780017926" breakTime="8.266999335277" fastBindTime="1e-11" name="bst0c"/>
         <Pos x="0.0499827105752648" y="0.238925460842346" z="-0.242736820767703"/>
      </BindingSiteType>
      <BindingSiteType name="bst0e">
         <Tolerance bending="0.2" rotation="0.2" translation="0.2"/>
         <Partner angle="0" bindTime="69619.0780017926" breakTime="7.91616814344388" fastBindTime="1e-11" name="bst0e"/>
         <Pos x="-0.192806312367821" y="-0.23271790106424" z="0.157773871166704"/>
      </BindingSiteType>
      <BindingSiteType name="bst0f">
         <Tolerance bending="0.2" rotation="0.2" translation="0.2"/>
         <Partner angle="0" bindTime="69619.0780017926" breakTime="8.01919196634249" fastBindTime="1e-11" name="bst1a"/>
         <Partner angle="0" bindTime="69619.0780017926" breakTime="8.01919196634249" fastBindTime="1e-11" name="bst1b"/>
         <Partner angle="0" bindTime="69619.0780017926" breakTime="8.01919196634249" fastBindTime="1e-11" name="bst1c"/>
         <Partner angle="0" bindTime="69619.0780017926" breakTime="8.01919196634249" fastBindTime="1e-11" name="bst1d"/>
         <Partner angle="0" bindTime="69619.0780017926" breakTime="8.01919196634249" fastBindTime="1e-11" name="bst1e"/>
         <Pos x="0.3232236362011" y="0.0201580848017663" z="-0.15759483690167"/>
      </BindingSiteType>
      <BindingSiteType name="bst1a">
         <Tolerance bending="0.2" rotation="0.2" translation="0.2"/>
         <Partner angle="0" bindTime="69619.0780017926" breakTime="8.01919196634249" fastBindTime="1e-11" name="bst0f"/>
         <Pos x="-0.353924385798794" y="-0.058464963532147" z="0.032177277326258"/>
      </BindingSiteType>
      <BindingSiteType name="bst1b">
         <Tolerance bending="0.2" rotation="0.2" translation="0.2"/>
         <Partner angle="0" bindTime="69619.0780017926" breakTime="8.01919196634249" fastBindTime="1e-11" name="bst0f"/>
         <Pos x="-0.13123491795856" y="-0.308302233124419" z="-0.021752916101218"/>
      </BindingSiteType>
      <BindingSiteType name="bst1c">
         <Tolerance bending="0.2" rotation="0.2" translation="0.2"/>
         <Partner angle="0" bindTime="69619.0780017926" breakTime="8.01919196634249" fastBindTime="1e-11" name="bst0f"/>
         <Pos x="0.078952142395127" y="-0.217580679601898" z="-0.234571240938005"/>
      </BindingSiteType>
      <BindingSiteType name="bst1d">
         <Tolerance bending="0.2" rotation="0.2" translation="0.2"/>
         <Partner angle="0" bindTime="69619.0780017926" breakTime="8.01919196634249" fastBindTime="1e-11" name="bst0f"/>
         <Pos x="0.020100325511615" y="0.09390683245798" z="-0.315181683687418"/>
      </BindingSiteType>
      <BindingSiteType name="bst1e">
         <Tolerance bending="0.2" rotation="0.2" translation="0.2"/>
         <Partner angle="0" bindTime="69619.0780017926" breakTime="8.01919196634249" fastBindTime="1e-11" name="bst0f"/>
         <Pos x="-0.226344774993692" y="0.195596884011056" z="-0.15234914439609"/>
      </BindingSiteType>
   </BindingSiteTypes>
   <ConformationalSwitch>
      <ConformationTime name="bs0">
         <List name="bs0" time="1000"/>
         <List name="bs1" time="5000"/>
      </ConformationTime>
      <ConformationTime name="bs1">
         <List name="bs1" time="1000"/>
         <List name="bs0" time="1000"/>
      </ConformationTime>
      <ConformationTime name="bs2">
         <List name="bs2" time="1000"/>
      </ConformationTime>
   </ConformationalSwitch>
   <SubunitTypes>
      <SubunitType name="only0">
         <Up x="0.485466146378703" y="0.242773179121678" z="0.583026558634772"/>
         <Domain currentconf="bs0" name="0">
            <Pos x="0" y="0" z="0"/>
            <Conformation energy="6.6" name="bs0">
               <BindingSite type="bst0a"/>
               <BindingSite type="bst0b"/>
               <BindingSite type="bst0c"/>
               <BindingSite type="bst0d"/>
               <BindingSite type="bst0e"/>
               <BindingSite type="bst0f"/>
            </Conformation>
         </Domain>
      </SubunitType>
      <SubunitType name="only1">
         <Up x="0.485466146378703" y="0.242773179121678" z="0.583026558634772"/>
         <Domain currentconf="bs1" name="1">
            <Pos x="0" y="0" z="0"/>
            <Conformation energy="6.6" name="bs1">
               <BindingSite type="bst1a"/>
               <BindingSite type="bst1b"/>
               <BindingSite type="bst1c"/>
               <BindingSite type="bst1d"/>
               <BindingSite type="bst1e"/>
            </Conformation>
         </Domain>
      </SubunitType>
      <SubunitType name="both">
         <Up x="0.485466146378703" y="0.242773179121678" z="0.583026558634772"/>
         <Domain currentconf="bs0" name="2">
            <Pos x="0" y="0" z="0"/>
            <Conformation energy="0" name="bs0">
               <BindingSite type="bst0a"/>
               <BindingSite type="bst0b"/>
               <BindingSite type="bst0c"/>
               <BindingSite type="bst0d"/>
               <BindingSite type="bst0e"/>
               <BindingSite type="bst0f"/>
            </Conformation>
            <Conformation energy="-2.68" name="bs1">
               <BindingSite type="bst1a"/>
               <BindingSite type="bst1b"/>
               <BindingSite type="bst1c"/>
               <BindingSite type="bst1d"/>
               <BindingSite type="bst1e"/>
            </Conformation>
         </Domain>
      </SubunitType>
      <SubunitType name="three">
         <Up x="0.485466146378703" y="0.242773179121678" z="0.583026558634772"/>
         <Domain currentconf="bs2" name="3">
            <Pos x="0" y="0" z="0"/>
            <Conformation energy="-2.68" name="bs0">
               <BindingSite type="bst0a"/>
               <BindingSite type="bst0b"/>
               <BindingSite type="bst0c"/>
               <BindingSite type="bst0d"/>
               <BindingSite type="bst0e"/>
               <BindingSite type="bst0f"/>
            </Conformation>
            <Conformation energy="0" name="bs1">
               <BindingSite type="bst1a"/>
               <BindingSite type="bst1b"/>
               <BindingSite type="bst1c"/>
               <BindingSite type="bst1d"/>
               <BindingSite type="bst1e"/>
            </Conformation>
            <Conformation energy="-3" name="bs2"/>
         </Domain>
      </SubunitType>
   </SubunitTypes>
</System>
